{
  "apple-iphone-6": {
    "name": "Apple iPhone 6",
    "isActive": true,
    "userAgent": "Mozilla/5.0 (iPhone; CPU iPhone OS 8_0 like Mac OS X) AppleWebKit/600.1.3 (KHTML, like Gecko) Version/8.0 Mobile/12A4345d Safari/600.1.4",
    "XHTMLSupport": true,
    "FlashSupport": false,
    "imageURL": "chrome://dejaclick/skin/images/mobile/Apple_iPhone_6.jpg",
    "position": 0,
    "size": {
      "height": 667,
      "width": 375
    }
  },
  "apple-iphone-6-plus": {
    "name": "Apple iPhone 6 Plus",
    "isActive": true,
    "userAgent": "Mozilla/5.0 (iPhone; CPU iPhone OS 8_0 like Mac OS X) AppleWebKit/600.1.3 (KHTML, like Gecko) Version/8.0 Mobile/12A4345d Safari/600.1.4",
    "XHTMLSupport": true,
    "FlashSupport": false,
    "imageURL": "chrome://dejaclick/skin/images/mobile/Apple_iPhone_6_plus.jpg",
    "position": 1,
    "size": {
      "height": 736,
      "width": 414
    }
  },
  "apple-iphone-5": {
    "name": "Apple iPhone 5",
    "isActive": true,
    "userAgent": "Mozilla/5.0 (iPhone; U; CPU iPhone OS 6_0 like Mac OS X; en-us) AppleWebKit/536.26 (KHTML, like Gecko) Version/6.0 Mobile/10A405 Safari/8536.25",
    "XHTMLSupport": true,
    "FlashSupport": false,
    "imageURL": "chrome://dejaclick/skin/images/mobile/Apple_iPhone_5.jpg",
    "position": 2,
    "size": {
      "height": 568,
      "width": 320
    }
  },
  "apple-ipad": {
    "name": "Apple iPad",
    "isActive": true,
    "userAgent": "Mozilla/5.0 (iPad; U; CPU OS 6_0 like Mac OS X; en-us) AppleWebKit/536.26 (KHTML, like Gecko) Version/6.0 Mobile/10A406 Safari/8536.25",
    "XHTMLSupport": true,
    "FlashSupport": false,
    "imageURL": "chrome://dejaclick/skin/images/mobile/Apple_iPad.jpg",
    "position": 3,
    "size": {
      "height": 768,
      "width": 1024
    }
  },
  "motorola-droid": {
    "name": "Motorola Droid",
    "isActive": false,
    "userAgent": "Mozilla/5.0 (Linux; U; Android 2.0.1; en-us; Droid Build/ESD56) AppleWebKit/530.17 (KHTML, like Gecko) Version/4.0 Mobile Safari/530.17",
    "XHTMLSupport": true,
    "FlashSupport": true,
    "imageURL": "chrome://dejaclick/skin/images/mobile/Motorola_Droid.jpg",
    "position": 0,
    "size": {
      "height": 480,
      "width": 854
    }
  },
  "blackberry-bold": {
    "name": "BlackBerry Bold",
    "isActive": false,
    "userAgent": "BlackBerry9000/5.0.0.93 Profile/MIDP-2.0 Configuration/CLDC-1.1 VendorID/179",
    "XHTMLSupport": true,
    "FlashSupport": false,
    "imageURL": "chrome://dejaclick/skin/images/mobile/BlackBerry_Bold_9000.jpg",
    "position": 1,
    "size": {
      "height": 320,
      "width": 480
    }
  },
  "apple-ipod-touch": {
    "name": "Apple iPod Touch",
    "isActive": false,
    "userAgent": "Mozilla/5.0 (iPod; U; CPU like Mac OS X; en) AppleWebKit/420.1 (KHTML, like Gecko) Version/3.0 Mobile/3A100a Safari/419.3",
    "XHTMLSupport": true,
    "FlashSupport": false,
    "imageURL": "chrome://dejaclick/skin/images/mobile/Apple_iPod_Touch.jpg",
    "position": 2,
    "size": {
      "height": 480,
      "width": 320
    }
  },
  "htc-8500": {
    "name": "HTC 8500",
    "isActive": false,
    "userAgent": "HTC-8500/1.2 Mozilla/4.0 (compatible; MSIE 5.5; Windows CE; PPC; 240x320)",
    "XHTMLSupport": true,
    "FlashSupport": false,
    "imageURL": "chrome://dejaclick/skin/images/mobile/HTC_8500.jpg",
    "position": 3,
    "size": {
      "height": 320,
      "width": 240
    }
  },
  "nokia-n90": {
    "name": "Nokia N90",
    "isActive": false,
    "userAgent": "NokiaN90-1/5.0607.7.3 Series60/2.8 Profile/MIDP-2.0 Configuration/CLDC-1.1",
    "XHTMLSupport": true,
    "FlashSupport": true,
    "imageURL": "chrome://dejaclick/skin/images/mobile/Nokia_N90.jpg",
    "position": 4,
    "size": {
      "height": 416,
      "width": 352
    }
  },
  "palm-pixi": {
    "name": "Palm Pixi",
    "isActive": false,
    "userAgent": "Mozilla/5.0 (webOS/Palm webOS 1.2.9; U; en-US) AppleWebKit/525.27.1 (KHTML, like Gecko) Version/1.0 Safari/525.27.1 Pixi/1.0",
    "XHTMLSupport": true,
    "FlashSupport": true,
    "imageURL": "chrome://dejaclick/skin/images/mobile/Palm_Pixi.jpg",
    "position": 5,
    "size": {
      "height": 480,
      "width": 320
    }
  },
  "sony-ericsson-xperia-x10": {
    "name": "Sony Ericsson Xperia X10",
    "isActive": false,
    "userAgent": "Mozilla/5.0 (Linux; U; Android 1.6; en-us; SonyEricssonX10i Build/R1FA016) AppleWebKit/528.5+ (KHTML, like Gecko) Version/3.1.2 Mobile Safari/525.20.1",
    "XHTMLSupport": true,
    "FlashSupport": false,
    "imageURL": "chrome://dejaclick/skin/images/mobile/Sony_Ericsson_Xperia_X10.jpg",
    "position": 6,
    "size": {
      "height": 854,
      "width": 480
    }
  },
  "samsung-galaxy": {
    "name": "Samsung Galaxy",
    "isActive": false,
    "userAgent": "Mozilla/5.0 (Linux; U; Android 1.5; de-de; Galaxy Build/CUPCAKE) AppleWebkit/528.5+ (KHTML, like Gecko) Version/3.1.2 Mobile Safari/525.20.1",
    "XHTMLSupport": true,
    "FlashSupport": false,
    "imageURL": "chrome://dejaclick/skin/images/mobile/Samsung_Galaxy.jpg",
    "position": 7,
    "size": {
      "height": 480,
      "width": 320
    }
  },
  "samsung-galaxy-s": {
    "name": "Samsung Galaxy S",
    "isActive": true,
    "userAgent": "Mozilla/5.0 (Linux; U; Android 4.0.4; en-us; GT-I9300 Build/IMM76D) AppleWebKit/534.30 (KHTML, like Gecko) Version/4.0 Mobile Safari/534.30",
    "XHTMLSupport": true,
    "FlashSupport": false,
    "imageURL": "chrome://dejaclick/skin/images/mobile/Samsung_Galaxy_S.jpg",
    "position": 4,
    "size": {
      "height": 640,
      "width": 360
    }
  },
  "samsung-galaxy-note": {
    "name": "Samsung Galaxy Note",
    "isActive": true,
    "userAgent": "Mozilla/5.0 (Linux; U; Android 4.0; en-us; GT-N8000 Build/IML74K) AppleWebKit/534.30 (KHTML, like Gecko) Version/4.0 Safari/534.30",
    "XHTMLSupport": true,
    "FlashSupport": false,
    "imageURL": "chrome://dejaclick/skin/images/mobile/Samsung_Galaxy_Note.jpg",
    "position": 5,
    "size": {
      "height": 400,
      "width": 640
    }
  },
  "google-nexus-5": {
    "name": "Google Nexus 5",
    "isActive": true,
    "userAgent": "Mozilla/5.0 (Linux; Android 4.2.1; en-us; Nexus 5 Build/JOP40D) AppleWebKit/535.19 (KHTML, like Gecko) Chrome/18.0.1025.166 Mobile Safari/535.19",
    "XHTMLSupport": true,
    "FlashSupport": false,
    "imageURL": "chrome://dejaclick/skin/images/mobile/Google_Nexus_4.jpg",
    "position": 6,
    "size": {
      "height": 640,
      "width": 360
    }
  },
  "google-nexus-7": {
    "name": "Google Nexus 7",
    "isActive": true,
    "userAgent": "Mozilla/5.0 (Linux; U; Android 4.1; en-us; Nexus 7 Build/JRN84D) AppleWebKit/535.19 (KHTML, like Gecko) Chrome/18.0.1025.166 Safari/535.19",
    "XHTMLSupport": true,
    "FlashSupport": false,
    "imageURL": "chrome://dejaclick/skin/images/mobile/Google_Nexus_7.jpg",
    "position": 7,
    "size": {
      "height": 592,
      "width": 948
    }
  },
  "htc-dream": {
    "name": "HTC Dream",
    "isActive": false,
    "userAgent": "Mozilla/5.0 (Linux; U; Android HTC_Dream-1.13.0.1; en-us; dream) AppleWebKit/525.10+ (KHTML, like Gecko) Version/3.0.4 Mobile Safari/523.12.2",
    "XHTMLSupport": true,
    "FlashSupport": false,
    "imageURL": "chrome://dejaclick/skin/images/mobile/HTC_Dream.jpg",
    "position": 8,
    "size": {
      "height": 480,
      "width": 320
    }
  },
  "htc-hero": {
    "name": "HTC Hero",
    "isActive": false,
    "userAgent": "Mozilla/5.0 (Linux; U; Android 1.5; en-US; HTC Hero Build/CUPCAKE) AppleWebKit/528.5+ (KHTML, like Gecko) Version/3.1.2 Mobile Safari/525.20.1",
    "XHTMLSupport": true,
    "FlashSupport": true,
    "imageURL": "chrome://dejaclick/skin/images/mobile/HTC_Hero.jpg",
    "position": 9,
    "size": {
      "height": 480,
      "width": 320
    }
  }
}